CONCURSO,R6
3451,54
3450,41
3449,48
3448,55
3447,46
3446,49
3445,49
3444,56
3443,45
3442,48
3441,29
3440,52
3439,49
3438,37
3437,52
3436,55
3435,51
3434,50
3433,45
3432,55
3431,54
3430,53
3429,48
3428,48
3427,40
3426,46
3425,50
3424,56
3423,36
3422,53
3421,54
3420,43
3419,50
3418,32
3417,50
3416,55
3415,56
3414,53
3413,41
3412,54
3411,51
3410,53
3409,55
3408,43
3407,50
3406,54
3405,54
3404,43
3403,56
3402,55
3401,51
3400,43
3399,46
3398,56
3397,50
3396,54
3395,54
3394,53
3393,56
3392,34
3391,50
3390,45
3389,54
3388,52
3387,42
3386,49
3385,53
3384,54
3383,56
3382,56
3381,52
3380,44
3379,45
3378,56
3377,43
3376,50
3375,53
3374,56
3373,46
3372,47
3371,56
3370,52
3369,47
3368,51
3367,42
3366,53
3365,52
3364,47
3363,56
3362,45
3361,54
3360,55
3359,50
3358,53
3357,34
3356,56
3355,48
3354,47
3353,46
3352,50
3351,50
3350,54
3349,44
3348,47
3347,52
3346,50
3345,48
3344,40
3343,55
3342,49
3341,41
3340,40
3339,52
3338,55
3337,51
3336,29
3335,44
3334,54
3333,34
3332,53
3331,52
3330,36
3329,55
3328,54
3327,51
3326,56
3325,46
3324,46
3323,45
3322,56
3321,50
3320,52
3319,50
3318,51
3317,38
3316,55
3315,56
3314,49
3313,52
3312,51
3311,48
3310,49
3309,54
3308,39
3307,54
3306,46
3305,48
3304,47
3303,43
3302,53
3301,55
3300,52
3299,45
3298,56
3297,56
3296,54
3295,52
3294,53
3293,48
3292,53
3291,49
3290,54
3289,39
3288,23
3287,55
3286,46
3285,52
3284,46
3283,52
3282,54
3281,37
3280,45
3279,39
3278,55
3277,52
3276,52
3275,55
3274,46
3273,55
3272,47
3271,43
3270,46
3269,45
3268,56
3267,48
3266,45
3265,51
3264,46
3263,54
3262,54
3261,35
3260,45
3259,44
3258,41
3257,21
3256,54
3255,47
3254,43
3253,44
3252,46
3251,47
3250,45
3249,52
3248,53
3247,28
3246,54
3245,52
3244,51
3243,40
3242,30
3241,40
3240,56
3239,49
3238,52
3237,53
3236,50
3235,37
3234,52
3233,28
3232,56
3231,45
3230,51
3229,45
3228,56
3227,20
3226,45
3225,55
3224,56
3223,54
3222,51
3221,53
3220,42
3219,55
3218,40
3217,52
3216,54
3215,50
3214,56
3213,46
3212,53
3211,56
3210,52
3209,55
3208,55
3207,50
3206,54
3205,43
3204,56
3203,47
3202,30
3201,45
3200,52
3199,53
3198,53
3197,50
3196,53
3195,52
3194,40
3193,49
3192,51
3191,52
3190,45
3189,52
3188,50
3187,32
3186,50
3185,56
3184,54
3183,45
3182,45
3181,50
3180,42
3179,51
3178,56
3177,53
3176,56
3175,56
3174,56
3173,54
3172,54
3171,54
3170,56
3169,54
3168,48
3167,35
3166,48
3165,36
3164,54
3163,55
3162,54
3161,54
3160,50
3159,50
3158,49
3157,51
3156,52
3155,38
3154,31
3153,56
3152,53
3151,56
3150,52
3149,54
3148,52
3147,45
3146,52
3145,45
3144,47
3143,54
3142,55
3141,37
3140,48
3139,54
3138,38
3137,46
3136,55
3135,37
3134,55
3133,49
3132,55
3131,55
3130,50
3129,47
3128,32
3127,46
3126,51
3125,29
3124,53
3123,31
3122,53
3121,44
3120,54
3119,55
3118,51
3117,42
3116,44
3115,50
3114,55
3113,50
3112,54
3111,51
3110,49
3109,54
3108,56
3107,54
3106,45
3105,50
3104,47
3103,46
3102,46
3101,45
3100,31
3099,51
3098,43
3097,52
3096,47
3095,50
3094,54
3093,49
3092,46
3091,55
3090,46
3089,42
3088,46
3087,54
3086,38
3085,55
3084,56
3083,56
3082,56
3081,56
3080,52
3079,53
3078,53
3077,38
3076,56
3075,53
3074,56
3073,49
3072,51
3071,47
3070,49
3069,52
3068,54
3067,52
3066,33
3065,53
3064,51
3063,56
3062,50
3061,46
3060,55
3059,55
3058,39
3057,49
3056,40
3055,56
3054,44
3053,54
3052,55
3051,55
3050,52
3049,55
3048,46
3047,46
3046,52
3045,56
3044,54
3043,39
3042,54
3041,48
3040,56
3039,48
3038,55
3037,54
3036,51
3035,25
3034,56
3033,45
3032,47
3031,54
3030,56
3029,52
3028,35
3027,50
3026,43
3025,50
3024,45
3023,54
3022,55
3021,52
3020,52
3019,45
3018,45
3017,56
3016,55
3015,56
3014,48
3013,53
3012,50
3011,48
3010,38
3009,40
3008,37
3007,48
3006,46
3005,56
3004,54
3003,53
3002,52
3001,54
3000,55
2999,48
2998,53
2997,47
2996,54
2995,54
2994,48
2993,45
2992,35
2991,55
2990,48
2989,44
2988,49
2987,53
2986,56
2985,51
2984,45
2983,47
2982,54
2981,50
2980,54
2979,56
2978,50
2977,56
2976,52
2975,39
2974,53
2973,56
2972,56
2971,55
2970,47
2969,44
2968,48
2967,52
2966,55
2965,40
2964,52
2963,55
2962,54
2961,51
2960,38
2959,36
2958,44
2957,54
2956,54
2955,55
2954,54
2953,53
2952,56
2951,54
2950,46
2949,56
2948,48
2947,27
2946,51
2945,37
2944,54
2943,50
2942,52
2941,48
2940,56
2939,49
2938,56
2937,52
2936,54
2935,43
2934,50
2933,56
2932,53
2931,53
2930,47
2929,37
2928,54
2927,46
2926,45
2925,55
2924,40
2923,39
2922,44
2921,47
2920,52
2919,52
2918,52
2917,53
2916,46
2915,39
2914,35
2913,55
2912,55
2911,51
2910,49
2909,52
2908,56
2907,45
2906,49
2905,54
2904,56
2903,42
2902,45
2901,52
2900,52
2899,51
2898,49
2897,37
2896,49
2895,49
2894,49
2893,51
2892,46
2891,31
2890,37
2889,55
2888,40
2887,49
2886,56
2885,41
2884,53
2883,54
2882,52
2881,55
2880,49
2879,44
2878,40
2877,51
2876,54
2875,52
2874,35
2873,52
2872,51
2871,52
2870,55
2869,53
2868,47
2867,56
2866,52
2865,49
2864,50
2863,54
2862,56
2861,41
2860,47
2859,53
2858,52
2857,37
2856,51
2855,56
2854,36
2853,46
2852,46
2851,47
2850,50
2849,50
2848,48
2847,55
2846,50
2845,41
2844,49
2843,50
2842,53
2841,50
2840,56
2839,54
2838,40
2837,48
2836,51
2835,34
2834,40
2833,48
2832,55
2831,39
2830,47
2829,46
2828,49
2827,55
2826,55
2825,56
2824,41
2823,55
2822,52
2821,51
2820,56
2819,53
2818,55
2817,55
2816,56
2815,38
2814,56
2813,48
2812,43
2811,51
2810,52
2809,56
2808,51
2807,56
2806,34
2805,45
2804,56
2803,43
2802,55
2801,54
2800,48
2799,51
2798,55
2797,55
2796,56
2795,44
2794,45
2793,56
2792,54
2791,43
2790,56
2789,56
2788,48
2787,30
2786,50
2785,49
2784,50
2783,51
2782,28
2781,49
2780,46
2779,48
2778,55
2777,49
2776,39
2775,43
2774,54
2773,52
2772,56
2771,55
2770,56
2769,56
2768,54
2767,44
2766,56
2765,49
2764,56
2763,39
2762,56
2761,45
2760,51
2759,55
2758,51
2757,52
2756,55
2755,48
2754,42
2753,52
2752,53
2751,33
2750,42
2749,55
2748,50
2747,56
2746,56
2745,46
2744,34
2743,46
2742,54
2741,34
2740,52
2739,47
2738,55
2737,49
2736,52
2735,53
2734,54
2733,49
2732,52
2731,48
2730,55
2729,55
2728,52
2727,42
2726,49
2725,52
2724,53
2723,44
2722,55
2721,50
2720,56
2719,48
2718,56
2717,53
2716,55
2715,50
2714,37
2713,39
2712,54
2711,49
2710,47
2709,56
2708,51
2707,51
2706,37
2705,39
2704,55
2703,28
2702,53
2701,41
2700,54
2699,54
2698,47
2697,49
2696,56
2695,30
2694,51
2693,55
2692,53
2691,50
2690,47
2689,40
2688,46
2687,55
2686,43
2685,48
2684,55
2683,43
2682,39
2681,52
2680,43
2679,40
2678,54
2677,34
2676,50
2675,56
2674,53
2673,53
2672,48
2671,49
2670,49
2669,55
2668,45
2667,53
2666,52
2665,48
2664,43
2663,49
2662,49
2661,55
2660,53
2659,53
2658,49
2657,41
2656,56
2655,43
2654,53
2653,54
2652,55
2651,40
2650,45
2649,56
2648,56
2647,43
2646,39
2645,54
2644,54
2643,33
2642,53
2641,56
2640,47
2639,39
2638,52
2637,50
2636,52
2635,30
2634,49
2633,48
2632,49
2631,43
2630,54
2629,56
2628,56
2627,51
2626,54
2625,52
2624,49
2623,50
2622,47
2621,56
2620,53
2619,43
2618,55
2617,55
2616,39
2615,55
2614,53
2613,46
2612,53
2611,54
2610,51
2609,42
2608,54
2607,43
2606,56
2605,48
2604,56
2603,49
2602,45
2601,55
2600,48
2599,56
2598,56
2597,54
2596,48
2595,53
2594,47
2593,46
2592,53
2591,39
2590,54
2589,52
2588,33
2587,47
2586,49
2585,54
2584,53
2583,35
2582,51
2581,47
2580,54
2579,52
2578,42
2577,56
2576,49
2575,44
2574,49
2573,56
2572,37
2571,56
2570,45
2569,53
2568,55
2567,46
2566,56
2565,50
2564,54
2563,56
2562,54
2561,51
2560,54
2559,49
2558,51
2557,52
2556,56
2555,55
2554,54
2553,52
2552,54
2551,54
2550,56
2549,53
2548,56
2547,38
2546,53
2545,55
2544,52
2543,53
2542,50
2541,50
2540,48
2539,40
2538,38
2537,51
2536,46
2535,53
2534,37
2533,43
2532,54
2531,53
2530,38
2529,50
2528,43
2527,51
2526,48
2525,48
2524,50
2523,51
2522,55
2521,41
2520,49
2519,51
2518,49
2517,48
2516,40
2515,40
2514,48
2513,51
2512,54
2511,55
2510,51
2509,47
2508,56
2507,49
2506,46
2505,55
2504,33
2503,45
2502,51
2501,55
2500,28
2499,53
2498,31
2497,53
2496,42
2495,56
2494,42
2493,48
2492,56
2491,56
2490,44
2489,27
2488,55
2487,44
2486,55
2485,51
2484,52
2483,55
2482,55
2481,48
2480,56
2479,52
2478,48
2477,47
2476,51
2475,51
2474,49
2473,53
2472,53
2471,48
2470,54
2469,47
2468,52
2467,55
2466,55
2465,49
2464,44
2463,52
2462,51
2461,54
2460,56
2459,55
2458,56
2457,48
2456,56
2455,49
2454,55
2453,35
2452,36
2451,53
2450,48
2449,40
2448,48
2447,51
2446,53
2445,53
2444,55
2443,56
2442,50
2441,45
2440,50
2439,39
2438,56
2437,39
2436,25
2435,41
2434,56
2433,55
2432,56
2431,47
2430,45
2429,47
2428,54
2427,54
2426,33
2425,32
2424,52
2423,52
2422,51
2421,55
2420,49
2419,56
2418,52
2417,56
2416,49
2415,56
2414,56
2413,56
2412,54
2411,45
2410,54
2409,46
2408,51
2407,48
2406,55
2405,49
2404,53
2403,35
2402,53
2401,44
2400,43
2399,32
2398,42
2397,45
2396,47
2395,51
2394,54
2393,45
2392,47
2391,55
2390,49
2389,54
2388,56
2387,47
2386,43
2385,29
2384,40
2383,36
2382,52
2381,49
2380,39
2379,55
2378,34
2377,45
2376,47
2375,36
2374,48
2373,46
2372,50
2371,55
2370,55
2369,45
2368,55
2367,51
2366,56
2365,48
2364,52
2363,56
2362,56
2361,56
2360,56
2359,55
2358,46
2357,55
2356,56
2355,43
2354,49
2353,52
2352,38
2351,33
2350,53
2349,56
2348,55
2347,51
2346,56
2345,39
2344,50
2343,36
2342,53
2341,44
2340,54
2339,51
2338,56
2337,42
2336,44
2335,48
2334,48
2333,56
2332,27
2331,47
2330,52
2329,48
2328,56
2327,55
2326,55
2325,56
2324,32
2323,46
2322,51
2321,56
2320,50
2319,55
2318,52
2317,35
2316,56
2315,52
2314,46
2313,55
2312,54
2311,56
2310,53
2309,44
2308,48
2307,55
2306,38
2305,51
2304,52
2303,43
2302,51
2301,44
2300,44
2299,47
2298,40
2297,53
2296,56
2295,54
2294,39
2293,50
2292,54
2291,48
2290,51
2289,51
2288,53
2287,40
2286,56
2285,55
2284,53
2283,45
2282,54
2281,37
2280,54
2279,54
2278,48
2277,54
2276,54
2275,55
2274,56
2273,55
2272,48
2271,51
2270,52
2269,53
2268,52
2267,56
2266,43
2265,49
2264,55
2263,56
2262,56
2261,56
2260,55
2259,51
2258,39
2257,52
2256,53
2255,46
2254,53
2253,50
2252,53
2251,39
2250,56
2249,44
2248,55
2247,38
2246,55
2245,48
2244,55
2243,49
2242,48
2241,56
2240,50
2239,49
2238,51
2237,47
2236,52
2235,53
2234,49
2233,53
2232,48
2231,39
2230,46
2229,43
2228,48
2227,52
2226,54
2225,50
2224,46
2223,39
2222,56
2221,55
2220,48
2219,51
2218,55
2217,56
2216,51
2215,54
2214,47
2213,47
2212,47
2211,52
2210,50
2209,38
2208,48
2207,38
2206,39
2205,41
2204,49
2203,55
2202,47
2201,53
2200,44
2199,55
2198,53
2197,56
2196,53
2195,51
2194,51
2193,51
2192,46
2191,36
2190,49
2189,46
2188,47
2187,56
2186,52
2185,52
2184,55
2183,52
2182,52
2181,52
2180,52
2179,43
2178,40
2177,45
2176,30
2175,50
2174,55
2173,49
2172,52
2171,49
2170,54
2169,29
2168,46
2167,33
2166,55
2165,49
2164,47
2163,41
2162,54
2161,41
2160,49
2159,50
2158,53
2157,55
2156,53
2155,54
2154,53
2153,29
2152,44
2151,55
2150,45
2149,22
2148,49
2147,56
2146,51
2145,52
2144,52
2143,54
2142,47
2141,32
2140,53
2139,28
2138,55
2137,50
2136,55
2135,50
2134,50
2133,52
2132,42
2131,51
2130,32
2129,36
2128,50
2127,55
2126,56
2125,43
2124,51
2123,41
2122,53
2121,55
2120,52
2119,50
2118,52
2117,51
2116,48
2115,56
2114,34
2113,50
2112,51
2111,43
2110,53
2109,52
2108,55
2107,44
2106,52
2105,50
2104,56
2103,47
2102,47
2101,44
2100,54
2099,50
2098,53
2097,56
2096,54
2095,44
2094,54
2093,40
2092,55
2091,56
2090,53
2089,56
2088,51
2087,47
2086,50
2085,47
2084,45
2083,41
2082,51
2081,50
2080,51
2079,43
2078,49
2077,46
2076,46
2075,43
2074,42
2073,39
2072,50
2071,46
2070,39
2069,42
2068,46
2067,51
2066,40
2065,36
2064,49
2063,37
2062,46
2061,45
2060,36
2059,49
2058,36
2057,45
2056,50
2055,48
2054,48
2053,39
2052,49
2051,47
2050,46
2049,44
2048,45
2047,50
2046,47
2045,37
2044,44
2043,45
2042,39
2041,48
2040,48
2039,48
2038,43
2037,46
2036,48
2035,41
2034,38
2033,47
2032,49
2031,51
2030,45
2029,51
2028,51
2027,51
2026,49
2025,46
2024,40
2023,49
2022,43
2021,44
2020,33
2019,50
2018,47
2017,48
2016,41
2015,49
2014,45
2013,49
2012,46
2011,47
2010,51
2009,48
2008,44
2007,41
2006,44
2005,43
2004,31
2003,49
2002,50
2001,51
2000,50
1999,50
1998,46
1997,43
1996,51
1995,30
1994,46
1993,45
1992,47
1991,48
1990,50
1989,36
1988,51
1987,50
1986,48
1985,50
1984,45
1983,49
1982,48
1981,48
1980,51
1979,47
1978,51
1977,45
1976,48
1975,42
1974,35
1973,40
1972,47
1971,39
1970,35
1969,49
1968,50
1967,49
1966,50
1965,42
1964,47
1963,49
1962,40
1961,47
1960,46
1959,51
1958,50
1957,51
1956,47
1955,44
1954,49
1953,38
1952,47
1951,51
1950,50
1949,47
1948,47
1947,50
1946,45
1945,41
1944,47
1943,40
1942,45
1941,46
1940,49
1939,50
1938,49
1937,50
1936,49
1935,50
1934,48
1933,49
1932,48
1931,44
1930,44
1929,50
1928,51
1927,43
1926,41
1925,36
1924,31
1923,43
1922,48
1921,39
1920,51
1919,41
1918,50
1917,35
1916,50
1915,50
1914,42
1913,46
1912,39
1911,50
1910,46
1909,45
1908,44
1907,49
1906,47
1905,48
1904,47
1903,51
1902,40
1901,49
1900,48
1899,21
1898,50
1897,31
1896,50
1895,40
1894,50
1893,44
1892,47
1891,51
1890,49
1889,48
1888,50
1887,50
1886,42
1885,44
1884,48
1883,41
1882,48
1881,50
1880,46
1879,40
1878,48
1877,43
1876,46
1875,36
1874,44
1873,45
1872,40
1871,39
1870,47
1869,41
1868,45
1867,46
1866,40
1865,42
1864,47
1863,44
1862,46
1861,40
1860,42
1859,36
1858,44
1857,43
1856,34
1855,42
1854,45
1853,39
1852,44
1851,43
1850,42
1849,46
1848,46
1847,42
1846,36
1845,47
1844,29
1843,41
1842,39
1841,43
1840,43
1839,47
1838,41
1837,47
1836,47
1835,36
1834,31
1833,39
1832,36
1831,47
1830,42
1829,25
1828,42
1827,41
1826,38
1825,41
1824,37
1823,44
1822,39
1821,43
1820,41
1819,27
1818,31
1817,40
1816,41
1815,45
1814,42
1813,45
1812,37
1811,45
1810,34
1809,45
1808,16
1807,47
1806,36
1805,45
1804,38
1803,47
1802,46
1801,42
1800,44
1799,42
1798,46
1797,45
1796,43
1795,47
1794,39
1793,47
1792,46
1791,46
1790,45
1789,38
1788,35
1787,43
1786,45
1785,45
1784,46
1783,46
1782,47
1781,42
1780,45
1779,40
1778,39
1777,42
1776,47
1775,45
1774,33
1773,44
1772,47
1771,44
1770,36
1769,47
1768,47
1767,43
1766,43
1765,42
1764,40
1763,46
1762,32
1761,42
1760,37
1759,37
1758,47
1757,37
1756,42
1755,47
1754,47
1753,41
1752,45
1751,42
1750,29
1749,40
1748,30
1747,40
1746,40
1745,41
1744,45
1743,47
1742,44
1741,46
1740,47
1739,47
1738,39
1737,36
1736,35
1735,43
1734,45
1733,45
1732,39
1731,43
1730,44
1729,34
1728,31
1727,42
1726,45
1725,43
1724,31
1723,39
1722,47
1721,39
1720,44
1719,35
1718,44
1717,35
1716,44
1715,41
1714,34
1713,47
1712,43
1711,34
1710,47
1709,47
1708,43
1707,46
1706,46
1705,35
1704,21
1703,42
1702,39
1701,35
1700,40
1699,40
1698,47
1697,45
1696,43
1695,39
1694,42
1693,44
1692,46
1691,29
1690,40
1689,46
1688,46
1687,32
1686,40
1685,31
1684,42
1683,45
1682,36
1681,47
1680,45
1679,27
1678,47
1677,45
1676,37
1675,47
1674,46
1673,39
1672,47
1671,36
1670,47
1669,31
1668,33
1667,44
1666,43
1665,47
1664,42
1663,43
1662,36
1661,44
1660,44
1659,46
1658,45
1657,44
1656,47
1655,40
1654,47
1653,46
1652,47
1651,41
1650,47
1649,47
1648,44
1647,44
1646,44
1645,45
1644,33
1643,41
1642,45
1641,45
1640,47
1639,45
1638,41
1637,43
1636,47
1635,42
1634,43
1633,33
1632,46
1631,45
1630,46
1629,46
1628,38
1627,42
1626,39
1625,46
1624,27
1623,34
1622,44
1621,41
1620,45
1619,47
1618,45
1617,33
1616,45
1615,44
1614,40
1613,31
1612,46
1611,38
1610,27
1609,47
1608,46
1607,46
1606,39
1605,39
1604,44
1603,43
1602,29
1601,42
1600,42
1599,35
1598,36
1597,37
1596,39
1595,38
1594,33
1593,45
1592,33
1591,44
1590,33
1589,47
1588,42
1587,44
1586,41
1585,44
1584,38
1583,42
1582,39
1581,39
1580,47
1579,47
1578,47
1577,40
1576,43
1575,37
1574,39
1573,39
1572,27
1571,46
1570,33
1569,42
1568,32
1567,35
1566,41
1565,22
1564,42
1563,47
1562,44
1561,46
1560,34
1559,43
1558,28
1557,44
1556,43
1555,33
1554,39
1553,40
1552,43
1551,46
1550,23
1549,43
1548,47
1547,39
1546,32
1545,43
1544,40
1543,42
1542,44
1541,41
1540,41
1539,44
1538,44
1537,36
1536,44
1535,39
1534,44
1533,40
1532,41
1531,36
1530,38
1529,38
1528,33
1527,42
1526,43
1525,30
1524,27
1523,40
1522,39
1521,35
1520,39
1519,44
1518,41
1517,43
1516,42
1515,35
1514,43
1513,36
1512,32
1511,32
1510,41
1509,44
1508,41
1507,42
1506,33
1505,41
1504,44
1503,41
1502,42
1501,40
1500,42
1499,42
1498,37
1497,22
1496,40
1495,40
1494,42
1493,38
1492,43
1491,43
1490,44
1489,34
1488,38
1487,42
1486,40
1485,43
1484,38
1483,42
1482,24
1481,40
1480,40
1479,38
1478,44
1477,34
1476,38
1475,42
1474,31
1473,39
1472,37
1471,43
1470,31
1469,40
1468,39
1467,44
1466,35
1465,44
1464,39
1463,44
1462,33
1461,37
1460,43
1459,43
1458,40
1457,36
1456,44
1455,43
1454,42
1453,40
1452,39
1451,36
1450,38
1449,41
1448,44
1447,33
1446,43
1445,43
1444,41
1443,44
1442,33
1441,43
1440,35
1439,42
1438,34
1437,33
1436,43
1435,26
1434,40
1433,36
1432,42
1431,30
1430,43
1429,39
1428,40
1427,33
1426,35
1425,36
1424,22
1423,44
1422,40
1421,35
1420,27
1419,37
1418,42
1417,36
1416,40
1415,38
1414,35
1413,43
1412,42
1411,44
1410,43
1409,40
1408,42
1407,37
1406,36
1405,35
1404,43
1403,39
1402,43
1401,43
1400,35
1399,41
1398,42
1397,37
1396,24
1395,39
1394,32
1393,44
1392,26
1391,36
1390,26
1389,39
1388,41
1387,43
1386,32
1385,39
1384,41
1383,34
1382,42
1381,37
1380,40
1379,44
1378,36
1377,43
1376,33
1375,38
1374,35
1373,43
1372,25
1371,42
1370,31
1369,41
1368,34
1367,39
1366,42
1365,42
1364,42
1363,44
1362,30
1361,38
1360,39
1359,44
1358,44
1357,20
1356,40
1355,44
1354,34
1353,30
1352,35
1351,40
1350,40
1349,38
1348,43
1347,37
1346,37
1345,44
1344,43
1343,32
1342,43
1341,23
1340,42
1339,40
1338,44
1337,43
1336,44
1335,40
1334,40
1333,43
1332,43
1331,39
1330,44
1329,32
1328,32
1327,39
1326,22
1325,42
1324,41
1323,44
1322,34
1321,36
1320,43
1319,40
1318,24
1317,33
1316,44
1315,43
1314,41
1313,43
1312,39
1311,39
1310,30
1309,36
1308,33
1307,38
1306,44
1305,44
1304,31
1303,35
1302,39
1301,37
1300,43
1299,26
1298,39
1297,29
1296,37
1295,42
1294,39
1293,44
1292,32
1291,25
1290,42
1289,41
1288,32
1287,42
1286,42
1285,39
1284,42
1283,38
1282,43
1281,41
1280,44
1279,34
1278,42
1277,39
1276,40
1275,42
1274,39
1273,27
1272,42
1271,44
1270,41
1269,29
1268,29
1267,40
1266,37
1265,44
1264,38
1263,43
1262,39
1261,44
1260,43
1259,40
1258,43
1257,38
1256,14
1255,25
1254,38
1253,42
1252,39
1251,44
1250,41
1249,39
1248,30
1247,44
1246,42
1245,35
1244,40
1243,41
1242,30
1241,40
1240,40
1239,43
1238,42
1237,40
1236,43
1235,36
1234,35
1233,34
1232,34
1231,44
1230,43
1229,42
1228,43
1227,35
1226,39
1225,37
1224,24
1223,39
1222,36
1221,37
1220,43
1219,41
1218,22
1217,31
1216,38
1215,40
1214,44
1213,42
1212,27
1211,39
1210,43
1209,35
1208,38
1207,40
1206,40
1205,41
1204,40
1203,43
1202,44
1201,42
1200,40
1199,42
1198,41
1197,39
1196,44
1195,40
1194,42
1193,44
1192,44
1191,33
1190,43
1189,38
1188,35
1187,42
1186,39
1185,42
1184,32
1183,44
1182,44
1181,40
1180,44
1179,44
1178,41
1177,41
1176,43
1175,44
1174,42
1173,33
1172,38
1171,43
1170,38
1169,36
1168,40
1167,43
1166,42
1165,44
1164,42
1163,37
1162,44
1161,41
1160,44
1159,44
1158,44
1157,42
1156,39
1155,42
1154,44
1153,41
1152,40
1151,32
1150,44
1149,43
1148,36
1147,41
1146,41
1145,37
1144,44
1143,43
1142,23
1141,41
1140,41
1139,31
1138,40
1137,35
1136,36
1135,44
1134,42
1133,43
1132,44
1131,42
1130,43
1129,41
1128,42
1127,30
1126,36
1125,44
1124,33
1123,25
1122,41
1121,44
1120,26
1119,40
1118,41
1117,40
1116,37
1115,39
1114,42
1113,41
1112,27
1111,44
1110,44
1109,42
1108,33
1107,44
1106,41
1105,44
1104,37
1103,44
1102,32
1101,42
1100,44
1099,37
1098,40
1097,42
1096,43
1095,42
1094,38
1093,31
1092,44
1091,44
1090,32
1089,39
1088,41
1087,34
1086,17
1085,42
1084,42
1083,35
1082,39
1081,44
1080,31
1079,28
1078,38
1077,40
1076,29
1075,44
1074,41
1073,39
1072,43
1071,43
1070,41
1069,42
1068,36
1067,44
1066,39
1065,35
1064,34
1063,43
1062,33
1061,42
1060,41
1059,30
1058,42
1057,44
1056,35
1055,36
1054,38
1053,43
1052,34
1051,33
1050,43
1049,43
1048,30
1047,42
1046,40
1045,44
1044,37
1043,32
1042,43
1041,38
1040,37
1039,41
1038,42
1037,43
1036,44
1035,40
1034,35
1033,43
1032,42
1031,44
1030,44
1029,38
1028,37
1027,43
1026,38
1025,31
1024,35
1023,26
1022,34
1021,41
1020,38
1019,37
1018,41
1017,44
1016,44
1015,41
1014,44
1013,40
1012,43
1011,39
1010,41
1009,33
1008,36
1007,38
1006,37
1005,38
1004,41
1003,33
1002,41
1001,36
1000,29
999,36
998,40
997,35
996,44
995,41
994,34
993,42
992,29
991,44
990,33
989,36
988,39
987,40
986,37
985,41
984,38
983,32
982,41
981,36
980,41
979,44
978,44
977,34
976,38
975,37
974,35
973,31
972,42
971,43
970,44
969,36
968,40
967,39
966,44
965,41
964,37
963,42
962,43
961,29
960,44
959,44
958,42
957,44
956,31
955,37
954,38
953,21
952,39
951,44
950,34
949,41
948,41
947,43
946,44
945,43
944,38
943,44
942,43
941,36
940,40
939,40
938,37
937,44
936,44
935,33
934,35
933,39
932,25
931,41
930,26
929,41
928,38
927,42
926,35
925,34
924,30
923,42
922,34
921,42
920,41
919,42
918,44
917,42
916,41
915,32
914,40
913,43
912,29
911,43
910,41
909,42
908,44
907,30
906,41
905,35
904,19
903,40
902,42
901,44
900,38
899,41
898,41
897,32
896,31
895,42
894,39
893,43
892,40
891,42
890,41
889,18
888,38
887,43
886,26
885,43
884,42
883,43
882,41
881,28
880,39
879,44
878,43
877,37
876,38
875,41
874,43
873,38
872,36
871,35
870,30
869,34
868,44
867,36
866,40
865,40
864,37
863,43
862,41
861,31
860,43
859,42
858,44
857,43
856,44
855,43
854,43
853,40
852,35
851,32
850,40
849,40
848,42
847,40
846,41
845,35
844,32
843,44
842,44
841,40
840,28
839,42
838,36
837,21
836,41
835,37
834,39
833,37
832,41
831,40
830,40
829,36
828,42
827,44
826,39
825,35
824,37
823,40
822,44
821,35
820,44
819,43
818,39
817,43
816,35
815,41
814,44
813,41
812,42
811,43
810,44
809,41
808,24
807,43
806,42
805,39
804,38
803,40
802,44
801,41
800,39
799,40
798,37
797,43
796,39
795,42
794,44
793,40
792,43
791,37
790,41
789,43
788,40
787,39
786,41
785,33
784,44
783,43
782,40
781,43
780,41
779,43
778,44
777,40
776,37
775,43
774,37
773,42
772,41
771,42
770,43
769,17
768,33
767,41
766,19
765,37
764,39
763,37
762,43
761,41
760,28
759,37
758,36
757,42
756,43
755,39
754,40
753,39
752,42
751,44
750,36
749,30
748,40
747,43
746,42
745,43
744,30
743,39
742,37
741,32
740,32
739,38
738,35
737,44
736,29
735,44
734,42
733,44
732,44
731,35
730,39
729,41
728,29
727,23
726,42
725,42
724,41
723,36
722,38
721,36
720,29
719,44
718,43
717,43
716,31
715,31
714,43
713,44
712,39
711,41
710,37
709,40
708,44
707,40
706,42
705,44
704,35
703,35
702,39
701,39
700,41
699,42
698,40
697,28
696,34
695,38
694,42
693,37
692,43
691,35
690,43
689,41
688,39
687,42
686,44
685,42
684,42
683,38
682,37
681,44
680,42
679,26
678,33
677,42
676,38
675,41
674,30
673,43
672,44
671,38
670,43
669,36
668,41
667,41
666,43
665,37
664,42
663,40
662,36
661,31
660,44
659,43
658,16
657,43
656,42
655,36
654,42
653,35
652,36
651,36
650,43
649,44
648,42
647,44
646,41
645,44
644,40
643,44
642,38
641,40
640,42
639,43
638,38
637,42
636,43
635,41
634,40
633,24
632,28
631,37
630,40
629,38
628,38
627,44
626,36
625,41
624,41
623,38
622,42
621,38
620,44
619,43
618,39
617,38
616,43
615,42
614,43
613,31
612,41
611,43
610,43
609,40
608,31
607,38
606,33
605,37
604,44
603,43
602,29
601,41
600,44
599,37
598,43
597,38
596,33
595,43
594,39
593,42
592,44
591,38
590,40
589,39
588,42
587,36
586,44
585,40
584,40
583,39
582,39
581,39
580,41
579,35
578,37
577,44
576,33
575,30
574,27
573,38
572,38
571,40
570,38
569,27
568,39
567,44
566,43
565,35
564,38
563,44
562,21
561,38
560,42
559,36
558,42
557,42
556,35
555,39
554,39
553,29
552,36
551,38
550,37
549,39
548,25
547,38
546,37
545,33
544,36
543,23
542,26
541,30
540,32
539,33
538,31
537,34
536,39
535,19
534,21
533,39
532,36
531,37
530,34
529,22
528,36
527,39
526,34
525,39
524,35
523,38
522,36
521,35
520,35
519,36
518,37
517,26
516,32
515,39
514,36
513,33
512,34
511,38
510,39
509,38
508,32
507,22
506,36
505,31
504,35
503,29
502,39
501,35
500,38
499,35
498,31
497,30
496,38
495,26
494,26
493,34
492,30
491,29
490,36
489,21
488,37
487,27
486,38
485,38
484,34
483,35
482,35
481,38
480,33
479,38
478,27
477,32
476,39
475,38
474,26
473,25
472,32
471,34
470,14
469,29
468,38
467,29
466,33
465,35
464,38
463,39
462,35
461,39
460,34
459,32
458,33
457,30
456,35
455,29
454,36
453,38
452,39
451,34
450,32
449,38
448,36
447,37
446,23
445,38
444,37
443,32
442,35
441,38
440,30
439,36
438,35
437,29
436,35
435,34
434,36
433,26
432,29
431,37
430,33
429,33
428,36
427,34
426,38
425,39
424,39
423,34
422,37
421,32
420,37
419,39
418,39
417,39
416,23
415,28
414,37
413,36
412,38
411,34
410,38
409,38
408,36
407,29
406,38
405,27
404,39
403,33
402,39
401,38
400,34
399,24
398,37
397,38
396,37
395,32
394,37
393,35
392,37
391,35
390,32
389,39
388,37
387,24
386,39
385,31
384,33
383,34
382,38
381,39
380,37
379,21
378,39
377,35
376,30
375,36
374,22
373,16
372,28
371,35
370,32
369,30
368,33
367,37
366,30
365,39
364,38
363,38
362,33
361,39
360,33
359,37
358,36
357,30
356,33
355,31
354,29
353,33
352,39
351,36
350,29
349,32
348,38
347,37
346,36
345,33
344,22
343,39
342,38
341,37
340,37
339,37
338,32
337,37
336,39
335,39
334,33
333,33
332,36
331,38
330,39
329,38
328,34
327,38
326,39
325,39
324,37
323,39
322,31
321,38
320,26
319,38
318,36
317,37
316,37
315,37
314,32
313,31
312,37
311,38
310,39
309,39
308,34
307,35
306,37
305,31
304,37
303,38
302,38
301,24
300,30
299,29
298,36
297,37
296,37
295,39
294,23
293,33
292,32
291,37
290,27
289,39
288,38
287,37
286,36
285,38
284,34
283,35
282,36
281,35
280,31
279,35
278,35
277,32
276,38
275,31
274,37
273,35
272,33
271,33
270,36
269,31
268,24
267,33
266,29
265,37
264,27
263,32
262,38
261,32
260,32
259,36
258,29
257,33
256,38
255,36
254,35
253,39
252,35
251,33
250,35
249,39
248,39
247,39
246,35
245,34
244,36
243,30
242,39
241,38
240,26
239,27
238,33
237,32
236,39
235,37
234,38
233,39
232,38
231,37
230,33
229,37
228,35
227,39
226,26
225,33
224,37
223,37
222,36
221,38
220,29
219,35
218,27
217,30
216,36
215,29
214,38
213,35
212,37
211,37
210,33
209,37
208,33
207,33
206,23
205,32
204,33
203,30
202,31
201,39
200,33
199,39
198,35
197,37
196,34
195,36
194,21
193,36
192,39
191,31
190,34
189,32
188,39
187,35
186,39
185,37
184,35
183,38
182,34
181,37
180,38
179,35
178,33
177,38
176,24
175,38
174,34
173,36
172,36
171,31
170,36
169,38
168,36
167,37
166,38
165,33
164,28
163,37
162,38
161,35
160,35
159,38
158,34
157,35
156,28
155,38
154,36
153,19
152,20
151,38
150,37
149,38
148,25
147,39
146,35
145,37
144,36
143,32
142,33
141,22
140,33
139,33
138,23
137,33
136,28
135,28
134,39
133,34
132,36
131,26
130,39
129,38
128,36
127,38
126,37
125,39
124,36
123,36
122,33
121,37
120,38
119,32
118,37
117,28
116,24
115,27
114,39
113,32
112,28
111,39
110,39
109,34
108,39
107,34
106,37
105,37
104,38
103,30
102,26
101,39
100,35
99,37
98,35
97,38
96,36
95,28
94,37
93,26
92,33
91,36
90,39
89,37
88,34
87,33
86,38
85,36
84,30
83,35
82,34
81,32
80,38
79,29
78,37
77,38
76,37
75,39
74,39
73,39
72,30
71,34
70,36
69,33
68,39
67,36
66,36
65,35
64,29
63,36
62,31
61,38
60,36
59,38
58,37
57,26
56,37
55,39
54,36
53,21
52,28
51,34
50,35
49,32
48,38
47,35
46,37
45,34
44,29
43,39
42,39
41,28
40,15
39,39
38,33
37,36
36,38
35,28
34,38
33,29
32,39
31,35
30,26
29,35
28,30
27,35
26,32
25,29
24,29
23,33
22,38
21,36
20,39
19,36
18,36
17,32
16,36
15,37
14,38
13,36
12,39
11,34
10,34
9,36
8,30
7,39
6,36
5,39
4,34
3,32
2,38
1,30
